Id,Label
San,Matilde Sánchez
Lin,Daniel Link
Pau,Alan Pauls
Ch,Luis Chitarroni
Do,Jorge Dorio
Coh,Marcelo Cohen
Cap,Martín Caparrós
Chej,Sergio Chejfec
Fei,C.E. Feiling
Gue,Daniel Guebel
Mon,Graciela Montaldo
Biz,Sergio Bizzio
May,Marcos Mayer
Cas,Nicolás Casullo
Saa,Guillermo Saavedra
Cris,Américo Cristófalo
Fors,Ricardo Forster
Mor,María Moreno
Aver,Márgara Averbach
__1,""
__2,""
__3,""
__4,""
__5,""
__6,""
__7,""
__8,""
__9,""
__10,""
__11,""
__12,""
__13,""
__14,""
__15,""
__16,""
__17,""
__18,""
__19,""
__20,""
__21,""
__22,""
__23,""
__24,""
__25,""
__26,""
__27,""
__28,""
__29,""
__30,""
__31,""
__32,""
__33,""
__34,""
__35,""
__36,""
__37,""
__38,""
__39,""
__40,""
__41,""
__42,""
__43,""
__44,""
__45,""
__46,""
